theta_arcsec,intensity,enclosed_fraction
0,0.12508453806411868,0
0.005,0.125067135327021,0.00011330856653760252
0.01,0.12501494317979153,0.00045314019811819176
0.015,0.12492800978820416,0.0010192107865156827
0.02,0.12480641534055104,0.0018110482290292545
0.025,0.12465027191587319,0.0028279939133817214
0.03,0.12445972329992473,0.004069195541005257
0.035,0.1242349447493223,0.005533631728081963
0.04,0.12397614270444314,0.007220072119181063
0.045,0.1236835544517661,0.00912713467615937
0.05,0.12335744773646552,0.011253217539600516
0.055,0.12299812032619233,0.01359659884820031
0.06,0.12260589952707929,0.016155318420025704
0.065,0.12218114165313719,0.01892728250521941
0.07,0.12172423145029439,0.021910213322885914
0.075,0.121235581476462,0.025101688740837878
0.08,0.12071563143907794,0.02849911128498783
0.085,0.12016484749170553,0.03209970794468324
0.09,0.11958372149133017,0.03590055235217305
0.095,0.11897277021809917,0.03989865709094505
0.1,0.11833253455931488,0.04409073687406843
0.105,0.11766357865957926,0.04847346490518722
0.11,0.11696648903904339,0.05304339943330655
0.115,0.11624187368178425,0.05779695050967999
0.12,0.11549036109638518,0.06273025407005033
0.125,0.11471259935084682,0.06783957170746467
0.13,0.11390925508399401,0.07312096533387798
0.135,0.11308101249558562,0.07857026386508717
0.14,0.11222857231736273,0.08418331147359633
0.145,0.11135265076728941,0.08995588397408988
0.15,0.11045397848926629,0.09588354547720551
0.155,0.10953329948059444,0.10196180778968969
0.16,0.10859137000949053,0.10818624958360433
0.165,0.10762895752491403,0.114552297576473
0.17,0.1066468395610237,0.12105511115669046
0.17500000000000002,0.10564580263848224,0.12769008524598074
0.18,0.1046266411648616,0.13445245849877002
0.185,0.1035901563363848,0.14133723857174924
0.19,0.10253715504315047,0.14833972541591148
0.195,0.10146844878003386,0.15545495275391757
0.2,0.10038485256525644,0.16267798547346704
0.20500000000000002,0.09928718386870648,0.17000382568892117
0.21,0.09817626155235949,0.1774274956996489
0.215,0.09705290482350477,0.18494398279790117
0.22,0.0959179322048654,0.19254838828017962
0.225,0.09477216052171115,0.20023555129617407
0.23,0.09361640390587239,0.2080007179889393
0.23500000000000001,0.09245147282526193,0.21583871478714273
0.24,0.09127817313003933,0.22374477049446098
0.245,0.09009730512719673,0.23171372328591366
0.25,0.08890966267950812,0.23974081666665154
0.255,0.08771603232753733,0.24782107542164372
0.26,0.08651719244215117,0.25594973467067744
0.265,0.08531391241150665,0.2641220057140336
0.27,0.08410695184392623,0.2723331038707475
0.275,0.08289705981919028,0.2805782882787434
0.28,0.08168497415318282,0.2888531007729188
0.28500000000000003,0.08047142071595947,0.29715277953522395
0.29,0.07925711275912257,0.3054728762159368
0.295,0.07804275030450687,0.3138089772047608
0.3,0.0768290195336237,0.3221567034571026
0.305,0.0756165922566991,0.3305117521801103
0.31,0.07440612536376914,0.3388698978041673
0.315,0.07319826035968466,0.3472270246018347
0.32,0.07199362291038866,0.3555790681475913
0.325,0.07079282239891688,0.3639221180278038
0.33,0.06959645159154264,0.3722522147984033
0.335,0.06840508626357507,0.3805656673242544
0.34,0.06721928489738567,0.3888587835455052
0.34500000000000003,0.06603958840807905,0.3971279629373124
0.35000000000000003,0.06486651990370773,0.40536970983052706
0.355,0.06370058446590719,0.413580646664966
0.36,0.06254226903205935,0.4217575270750937
0.365,0.06139204217617511,0.4298972487090152
0.37,0.06025035405507569,0.4379964093460075
0.375,0.05911763631217531,0.44605240618795433
0.38,0.05799430206800885,0.4540621673672259
0.385,0.05688074583667346,0.46202312634011894
0.39,0.05577734365271067,0.4699322559560042
0.395,0.054684452981637544,0.4777874294870266
0.4,0.053602412911072476,0.48558612686991026
0.405,0.0525315441443679,0.49332583555032794
0.41000000000000003,0.051472149247462524,0.5010042857952468
0.41500000000000004,0.05042451269878443,0.5086195362332402
0.42,0.04938890105461032,0.5161695718932441
0.425,0.0483655632621143,0.5236524390049481
0.43,0.047354730761962095,0.5310660347615729
0.435,0.04635661772030129,0.5384089637684327
0.44,0.04537142141392315,0.5456797499523152
0.445,0.04439932234827143,0.5528770268799301
0.45,0.04344048468491721,0.5599983116558882
0.455,0.04249505642239745,0.56704361679065
0.46,0.041563169853088305,0.5740108643297157
0.465,0.0406449417612792,0.5808994940025127
0.47000000000000003,0.03974047393573903,0.5877078518689204
0.47500000000000003,0.03884985332723151,0.5944360115343559
0.48,0.03797315258856208,0.6010816476337707
0.485,0.03711043039555719,0.6076451078901924
0.49,0.03626173190616453,0.6141257289495894
0.495,0.03542708896711481,0.620522705730588
0.5,0.03460652074747597,0.6268348081756308
0.505,0.03380003395329093,0.6330623690488856
0.51,0.03300762341785494,0.6392049671596449
0.515,0.03222927233800587,0.6452622766687443
0.52,0.031464952874717705,0.6512340663498318
0.525,0.03071462639079967,0.6571201985676816
0.53,0.0299782440069634,0.6629206279655029
0.535,0.029255747056695588,0.6686353999046502
0.54,0.028547067279675778,0.6742646166981802
0.545,0.027852127516064844,0.679807439127707
0.55,0.027170841870599777,0.6852650179383075
0.555,0.026503116404293325,0.6906377362021714
0.56,0.025848849319610272,0.6959260568429276
0.5650000000000001,0.025207931382279825,0.7011286766469899
0.5700000000000001,0.024580246432300962,0.7062475941067147
0.5750000000000001,0.0239656718120449,0.7112834395887512
0.58,0.023364078499756132,0.7162347208791999
0.585,0.02277533174740132,0.7211044806103282
0.59,0.022199291461811068,0.7258909973599329
0.595,0.0216358123068414,0.7305969442122
0.6,0.02108474433159366,0.7352209193719134
0.605,0.0205459333266545,0.7397659596805715
0.61,0.020019220895270747,0.7442298506528844
0.615,0.01950444506534231,0.7486159042222031
0.62,0.019001440617157944,0.7529239482190929
0.625,0.018510039096275185,0.7571539644464941
0.63,0.018030069552947264,0.7613082023792763
0.635,0.01756135847333572,0.7653873417947802
0.64,0.01710373038910042,0.7693903970843032
0.645,0.01665700779587388,0.7733200034577644
0.65,0.016221011727819624,0.7771769477631411
0.655,0.01579556201380897,0.7809620463687634
0.66,0.015380477208668463,0.7846761435516707
0.665,0.014975575286269532,0.7883194801414953
0.67,0.014580673488613603,0.7918935127272354
0.675,0.014195588876804152,0.795399391996897
0.68,0.013820138142823186,0.7988380555614583
0.685,0.013454138282910671,0.8022104600457348
0.6900000000000001,0.013097406393883003,0.8055175794041
0.6950000000000001,0.012749760195358228,0.8087604031851827
0.7000000000000001,0.012411017796844698,0.8119399348366988
0.705,0.01208099833973132,0.8150571899754245
0.71,0.01175952175443729,0.8181131947420837
0.715,0.011446409175713811,0.8211089841031373
0.72,0.011141483028746476,0.8240452079539597
0.725,0.01084456689441917,0.8269227238777922
0.73,0.010555486112706881,0.82974303643997
0.735,0.01027406746367658,0.8325072048216469
0.74,0.010000139636812492,0.835216289369751
0.745,0.009733532901744392,0.8378713501232272
0.75,0.009474079659361437,0.8404722290370235
0.755,0.009221614293188981,0.8430206911946582
0.76,0.008975973161746984,0.8455181934911812
0.765,0.00873699497101579,0.8479657868859584
0.77,0.008504520399204414,0.8503625309200138
0.775,0.008278392623983622,0.852711283918644
0.78,0.008058457135519791,0.8550131566215777
0.785,0.007844561697932474,0.8572670780934888
0.79,0.007636556617261332,0.8594758173992207
0.795,0.007434294710642824,0.8616401053667031
0.8,0.007237631058360196,0.8637594023227587
0.805,0.007046423495830304,0.8658367128815249
0.81,0.006860532371927218,0.8678707583738362
0.8150000000000001,0.0066798204797381446,0.8698641600761122
0.8200000000000001,0.006504153306785585,0.8718166532785421
0.8250000000000001,0.006333398970085894,0.8737296974000119
0.8300000000000001,0.006167427935027695,0.8756037554259307
0.835,0.006006113496598992,0.8774399221949362
0.84,0.005849331503804493,0.8792386154005836
0.845,0.005696960268161427,0.8810013051357216
0.85,0.005548880796020107,0.8827276494649591
0.855,0.005404976701014107,0.8844201746707545
0.86,0.005265133903916856,0.8860771247684348
0.865,0.005129241095805035,0.8877016092006498
0.87,0.00499718944548729,0.8892931463207155
0.875,0.004868872494258505,0.890852443511071
0.88,0.00474418636907766,0.8923811876981118
0.885,0.004623029682105401,0.8938785383350938
0.89,0.004505303228275652,0.8953461517387403
0.895,0.0043909104167782235,0.8967850587688044
0.9,0.00427975694175193,0.8981947144320489
0.905,0.004171750864101227,0.8995763829078773
0.91,0.0040668024165303575,0.9009311196891856
0.915,0.003964824209471296,0.9022592442121967
0.92,0.003865731039655365,0.9035604599544658
0.925,0.00376943997600962,0.9048364421607036
0.93,0.0036758699920547565,0.9060877109910883
0.935,0.0035849424196981103,0.9073147793093649
0.9400000000000001,0.003496580629832973,0.9085172376379799
0.9450000000000001,0.003410709915475572,0.9096964991995152
0.9500000000000001,0.003327257685114325,0.9108531291832704
0.9550000000000001,0.0032461532731456796,0.9119876080580477
0.96,0.0031673280174950844,0.9131004086568001
0.965,0.003090714904937453,0.9141918035311108
0.97,0.003016248996768183,0.9152620240366973
0.975,0.00294386708694799,0.9163120015174269
0.98,0.0028735077364929894,0.9173421756619451
0.985,0.002805111276332274,0.918352978433375
0.99,0.002738619602326004,0.9193448340454496
0.995,0.002673976382980784,0.920318158997221
1,0.002611126859494923,0.9212733620857472
1.0050000000000001,0.0025500179295562405,0.9222108444471624
1.01,0.002490597783651128,0.9231309995411907
1.0150000000000001,0.0024328163498744527,0.9240342132114101
1.02,0.002376624941418383,0.924920863740576
1.025,0.002321976297151508,0.9257913218889167
1.03,0.0022688245875153,0.9266459509591147
1.035,0.0022171252124193997,0.927485106825097
1.04,0.002166835013349881,0.9283091380167474
1.045,0.0021179120765368454,0.9291183857889221
1.05,0.00207031581946979,0.9299131841973779
1.055,0.0020240066386092628,0.9306938601767072
1.06,0.001978946347492358,0.9314607335730221
1.065,0.0019350978367355576,0.9322141172870381
1.07,0.001892425117488195,0.9329543173402786
1.075,0.0018508933306610553,0.933681632967267
1.08,0.0018104685573655192,0.9343963567117316
1.085,0.0017711180242421722,0.9350987744958459
1.09,0.0017328099205401488,0.9357891657453153
1.095,0.0016955134071104045,0.9364678034814662
1.1,0.0016591985884859108,0.9371349544225968
1.105,0.0016238365687005348,0.9377908791059356
1.11,0.0015893990944787979,0.938435595642748
1.115,0.0015558590192338063,0.9390693941760518
1.12,0.0015231899554508904,0.9396926989235317
1.125,0.001491366328991095,0.9403057477327578
1.1300000000000001,0.0014603633953564992,0.9409087727445993
1.135,0.0014301570556969174,0.9415020004894802
1.1400000000000001,0.0014007240712417045,0.9420855101696105
1.145,0.0013720418851664053,0.9426592630540349
1.1500000000000001,0.001344088638884072,0.9432238591695397
1.155,0.00131684315077133,0.9437795045751661
1.16,0.001290284976776315,0.9443264002472661
1.165,0.001264394067729748,0.9448645268232555
1.17,0.0012391512279692322,0.9453938997162207
1.175,0.0012145377821588066,0.9459150940756136
1.18,0.0011905356338511154,0.9464282922241555
1.185,0.0011671272474731052,0.9469335648161562
1.19,0.0011442956710609458,0.9474306458638337
1.195,0.0011220243597019812,0.9479202514320658
1.2,0.0011002973955415189,0.9484025466370174
1.205,0.00107909931640285,0.9488773961222774
1.21,0.0010584151383512732,0.9493448615869052
1.215,0.0010382303405865798,0.9498054906881794
1.22,0.001018530929116013,0.9502594181623025
1.225,0.0009993031125104137,0.9507061026448126
1.23,0.0009805337468619059,0.9511463925927415
1.235,0.0009622100216418586,0.9515804264493859
1.24,0.0009443195204242786,0.9520077064087432
1.245,0.0009268502083134288,0.9524288977414838
1.25,0.0009097904197582049,0.9528442343624762
1.2550000000000001,0.0008931288860078277,0.953253169959667
1.26,0.0008768545680773714,0.9536564219181117
1.2650000000000001,0.0008609568762316822,0.9540541304234292
1.27,0.0008454255078276619,0.9544457690449952
1.2750000000000001,0.000830250474089105,0.9548321643418539
1.28,0.0008154220900360429,0.9552131094452979
1.285,0.000800930964733658,0.9555885707134396
1.29,0.0007867680690634123,0.955959120266407
1.295,0.0007729244207771022,0.9563241951287874
1.3,0.0007593915286353206,0.9566844459384845
1.305,0.0007461610864470366,0.9570397901526029
1.31,0.0007332250377826915,0.9573901386888568
1.315,0.000720575567955917,0.9577360788777636
1.32,0.0007082050962652704,0.9580769052316473
1.325,0.0006961062684878045,0.9584135142338817
1.33,0.0006842719884985769,0.9587454245520893
1.335,0.0006726952569647216,0.9590730558253077
1.34,0.0006613693935588399,0.959396348930005
1.345,0.0006502878796811438,0.959715343513553
1.35,0.0006394443891923008,0.9600303049230413
1.355,0.0006288327822646121,0.9603409896809961
1.36,0.0006184470994353262,0.9606478944067556
1.365,0.0006082815558557721,0.9609505825901696
1.37,0.0005983306124236844,0.9612496955449492
1.375,0.000588588666097764,0.9615446873648932
1.3800000000000001,0.000579050496445851,0.9618362636530569
1.385,0.0005697109632641718,0.9621238467340933
1.3900000000000001,0.0005605650749255609,0.9624081320761052
1.395,0.0005516079836782395,0.9626885820650161
1.4000000000000001,0.000542834981100149,0.9629658131421596
1.405,0.0005342414937039212,0.9632393941785274
1.41,0.0005258231156705448,0.9635097989709653
1.415,0.000517575458260813,0.9637767641880507
1.42,0.0005094943629121685,0.9640405623016101
1.425,0.0005015757547655595,0.9643011542384227
1.43,0.0004938156740075624,0.9645585571957139
1.435,0.0004862102722796187,0.9648130082932476
1.44,0.00047875580920602703,0.9650642198767395
1.445,0.00047144864903694725,0.9653127218314188
1.45,0.00046428525740245514,0.9655579694309226
1.455,0.00045726219817380847,0.9658005590914622
1.46,0.00045037620591306476,0.9660402085544759
1.465,0.00044362388300310025,0.9662770721962591
1.47,0.00043700214283776893,0.9665113241166766
1.475,0.00043050791288412317,0.9667426411830407
1.48,0.00042413820463841533,0.9669715191487422
1.485,0.00041789011105935347,0.9671976312890925
1.49,0.0004117608040857244,0.9674212089409905
1.495,0.00040574753223544466,0.967642393512474
1.5,0.0003998476182833976,0.9678608349764681
1.5050000000000001,0.00039405849321445504,0.9680770098761542
1.51,0.00038837755050939574,0.9682907286928865
1.5150000000000001,0.00038280235707101795,0.9685019929672876
1.52,0.000377330510962731,0.9687110851489125
1.5250000000000001,0.0003719596739817261,0.9689177124401278
1.53,0.0003666875697559448,0.9691221082630996
1.5350000000000001,0.00036151198190284404,0.9693244219728098
1.54,0.00035643075224786705,0.9695243111633737
1.545,0.00035144177910053677,0.9697221321243811
1.55,0.0003465430155862238,0.9699179566838944
1.555,0.0003417324680317854,0.9701114415807254
1.56,0.00033700826715213957,0.9703029669269542
1.565,0.0003323683774822792,0.9704925775447993
1.57,0.00032781102584937696,0.9706799734857939
1.575,0.00032333441625240574,0.9708654687981944
1.58,0.00031893679856038185,0.9710491271891554
1.585,0.00031461646718436285,0.9712307320070489
1.59,0.0003103717597916872,0.9714104499650754
1.595,0.0003062010560610681,0.9715884051712619
1.6,0.00030210277647707405,0.9717645003008915
1.605,0.00029807538116272104,0.9719386813658529
1.61,0.0002941173687488719,0.9721111703924794
1.615,0.0002902273108223794,0.9722819875753974
1.62,0.00028640370966655774,0.9724508948668831
1.625,0.0002826452072343406,0.9726181433133911
1.6300000000000001,0.00027895044557498634,0.9727837864142188
1.635,0.00027531810010102093,0.9729477852784976
1.6400000000000001,0.0002717468786539157,0.9731100079035017
1.645,0.00026823552059875407,0.9732706886197996
1.6500000000000001,0.00026478279594687994,0.9734298455972675
1.655,0.0002613875045056901,0.9735874137610011
1.6600000000000001,0.000258048475054559,0.973743333699484
1.665,0.0002547645645460953,0.9738977896066452
1.67,0.0002515346573319078,0.9740507986303827
1.675,0.00024835773414924584,0.974202329191991
1.68,0.00024523259427287116,0.9743522733825352
1.685,0.00024215826713257815,0.9745008268941722
1.69,0.00023913373939343294,0.9746480058903126
1.695,0.00023615802158462798,0.9747938263281347
1.7,0.00023323014745594973,0.9749381409314323
1.705,0.0002303491733536173,0.9750810951593569
1.71,0.00022751417761478841,0.9752227430733273
1.715,0.00022472425998022218,0.9753630997329653
1.72,0.0002219785410244819,0.9755021690185566
1.725,0.00021927616160302316,0.9756398091439736
1.73,0.00021661628231574946,0.9757762072437064
1.735,0.0002139981160945882,0.9759113775408436
1.74,0.00021142079637930707,0.9760453340809417
1.745,0.00020888357165567339,0.9761780907171703
1.75,0.00020638567644721902,0.9763095220235168
1.7550000000000001,0.0002039263625663479,0.9764397670636069
1.76,0.00020150489866578494,0.9765688573873845
1.7650000000000001,0.00019912056980301977,0.976696806088015
1.77,0.00019677267701741902,0.9768236260947324
1.7750000000000001,0.00019446053691956692,0.976949307878262
1.78,0.00019218348129242937,0.9770737744654543
1.7850000000000001,0.00018994085670400642,0.9771971544210463
1.79,0.00018773202413111177,0.9773194599631174
1.795,0.00018555635859386044,0.9774407031577659
1.8,0.00018341324880064382,0.9775608959211398
1.805,0.000181302161731832,0.9776800500391846
1.81,0.00017922238463046448,0.97779809768137
1.815,0.00017717340762284298,0.9779150993041535
1.82,0.00017515467081802427,0.9780311004249259
1.825,0.00017316562638108508,0.978146112170794
1.83,0.00017120573823411502,0.9782601455316161
1.835,0.0001692744817655121,0.9783732113618225
1.84,0.00016737134354739543,0.978485320382211
1.845,0.0001654958210608612,0.9785964683205592
1.85,0.0001636474224288658,0.9787066063734006
1.855,0.0001618256661564352,0.978815822265262
1.86,0.00016003008087807762,0.9789241261390699
1.865,0.00015826020511209185,0.9790315280137001
1.87,0.00015651558702161817,0.9791380377856105
1.875,0.0001547957841821974,0.9792436652304517
1.8800000000000001,0.00015310039494362447,0.9793484200124312
1.885,0.00015142893282667192,0.9794523116746298
1.8900000000000001,0.00014978101270477626,0.9795553496302788
1.895,0.00014815622760286964,0.9796574895942476
1.9000000000000001,0.00014655417888631656,0.979758785429302
1.905,0.00014497447606367437,0.9798592578529658
1.9100000000000001,0.0001434167365947366,0.9799589157868793
1.915,0.00014188058570365327,0.9800577680447969
1.92,0.00014036565619706878,0.9801558233339915
1.925,0.00013887158828702946,0.9802530902566405
1.93,0.0001373980294186071,0.9803495773111912
1.935,0.00013594463410200732,0.9804452928937082
1.94,0.0001345110637491649,0.9805402452992016
1.945,0.00013309698651454524,0.9806344427229367
1.95,0.00013170207714012315,0.9807278932617256
1.955,0.00013032601680442886,0.9808206049152011
1.96,0.0001289684929754787,0.9809125720976744
1.965,0.00012762926192233675,0.9810037951086835
1.97,0.00012630789950614802,0.9810943047958658
1.975,0.00012500417191987153,0.9811841087207388
1.98,0.00012371779039327497,0.9812732143744362
1.985,0.00012244847176372115,0.9813616291588468
1.99,0.0001211959383503586,0.9814493603877591
1.995,0.00011995991783148349,0.9815364152879884
2,0.00011874014312502044,0.9816228010004906
2.005,0.00011753635227204687,0.9817085245814591
2.0100000000000002,0.0001163482883232062,0.9817935930034074
2.015,0.0001151756992280123,0.9818780131562364
2.02,0.0001140183377269049,0.9819617918482872
2.025,0.00011287596124602668,0.98204493580738
2.0300000000000002,0.00011174833179457572,0.9821274516818372
2.035,0.00011063521586474653,0.9822093460414947
2.04,0.00010953638433414607,0.9822906253786976
2.045,0.00010845161237059166,0.9823712961092831
2.05,0.00010738067933929365,0.9824513645800047
2.055,0.00010632339921093507,0.9825308370615667
2.06,0.0001052794991773678,0.9826097197396902
2.065,0.00010424880028227591,0.9826880187291677
2.07,0.00010323109779659079,0.9827657400774437
2.075,0.00010222619075673931,0.9828428897610755
2.08,0.00010123388188464007,0.9829194736866259
2.085,0.00010025397750950886,0.9829954976915428
2.09,9.928628749163267E-05,0.9830709675450285
2.095,9.833062514793144E-05,0.983145888948896
2.1,9.738680717931317E-05,0.983220267538414
2.105,9.645465359975061E-05,0.9832941088831412
2.11,9.553398766706723E-05,0.9833674184877483
2.115,9.462463581533607E-05,0.9834402017928299
2.12,9.372642758891937E-05,0.9835124641757043
2.125,9.283919557800554E-05,0.9835842109512042
2.13,9.196277535572853E-05,0.983655447372455
2.1350000000000002,9.109700541671556E-05,0.9837261786316444
2.14,9.02417271170837E-05,0.9837964098607797
2.145,8.939678461586705E-05,0.9838661461397545
2.15,8.856208295790557E-05,0.9839353924969245
2.1550000000000002,8.773735693640273E-05,0.9840041538831982
2.16,8.69225151258781E-05,0.9840724351816096
2.165,8.611741233827168E-05,0.9841402412340533
2.17,8.532190591421629E-05,0.9842075768265852
2.1750000000000003,8.453585567209564E-05,0.9842744466901129
2.18,8.375912385827153E-05,0.9843408555010756
2.185,8.299157509845202E-05,0.9844067845032444
2.19,8.223307635016196E-05,0.9844722574809581
2.195,8.148349685629388E-05,0.9845372823363224
2.2,8.074270809968611E-05,0.9846018635543416
2.205,8.001058375878339E-05,0.984666005568493
2.21,7.928699966422955E-05,0.9847297127613602
2.215,7.857183375647202E-05,0.9847929894652584
2.22,7.78649660443165E-05,0.9848558399628506
2.225,7.716627856438135E-05,0.9849182684877567
2.23,7.647565534149956E-05,0.9849802792251536
2.235,7.579298234992625E-05,0.9850418763123684
2.24,7.511814747550188E-05,0.9851030638394629
2.245,7.445104047857538E-05,0.9851638458498106
2.25,7.379155295776009E-05,0.9852242263406674
2.255,7.31395783145114E-05,0.9852842057255897
2.2600000000000002,7.249504013131162E-05,0.9853437554395881
2.265,7.185777910030909E-05,0.9854029148481993
2.27,7.12277214872299E-05,0.9854616877761648
2.275,7.06047675658304E-05,0.9855200780125738
2.2800000000000002,6.998881924639743E-05,0.9855780893045334
2.285,6.937978004469427E-05,0.985635725356559
2.29,6.877755505158835E-05,0.9856929898310911
2.295,6.818205090329523E-05,0.9857498863490046
2.3000000000000003,6.75931757523101E-05,0.9858064184901125
2.305,6.701083923891001E-05,0.9858625897936625
2.31,6.643495246330603E-05,0.9859183841778912
2.315,6.586542795837182E-05,0.9859737971298306
2.32,6.53021796629547E-05,0.9860288592767056
2.325,6.474512289571512E-05,0.9860835740132677
2.33,6.419417432962451E-05,0.9861379446958672
2.335,6.36492519668587E-05,0.986191974642916
2.34,6.311027511432565E-05,0.9862456671353446
2.345,6.257716435967749E-05,0.9862990254170533
2.35,6.204984154779002E-05,0.9863520526953571
2.355,6.152822975778769E-05,0.9864047236150785
2.36,6.1012253280514906E-05,0.9864570459310842
2.365,6.0501837596473004E-05,0.9865090464249232
2.37,5.99969093542279E-05,0.9865607281729111
2.375,5.9497449966694204E-05,0.9866120942283279
2.38,5.900328243940771E-05,0.9866631476072271
2.3850000000000002,5.85143888580627E-05,0.986713891279052
2.39,5.803070033691614E-05,0.986764328168956
2.395,5.755214905619775E-05,0.9868144187672873
2.4,5.707866824302026E-05,0.9868641942817334
2.4050000000000002,5.6610192152709294E-05,0.9869136715076016
2.41,5.6146656050463514E-05,0.9869628532647203
2.415,5.568799619345982E-05,0.9870117423412806
2.42,5.523414981325179E-05,0.9870603414942134
2.4250000000000003,5.478505509856145E-05,0.9871086534495612
2.43,5.434065117838547E-05,0.9871566392788058
2.435,5.390087810549344E-05,0.98720432517158
2.44,5.346567684018973E-05,0.9872517318084308
2.445,5.303498923444001E-05,0.9872988618037645
2.45,5.260875801631489E-05,0.9873457177427337
2.455,5.218692677472358E-05,0.9873923021815862
2.46,5.176943994445574E-05,0.987438605805406
2.465,5.1356242791532465E-05,0.9874845924055251
2.47,5.094728139882376E-05,0.9875303150095655
2.475,5.0542502651968346E-05,0.9875757760688855
2.48,5.014185422555554E-05,0.9876209780074671
2.485,4.9745284569595195E-05,0.9876659232222403
2.49,4.935274289622843E-05,0.9877106070822612
2.495,4.8964179166708075E-05,0.9877549812612808
2.5,4.8579544078643606E-05,0.9877991058081163
2.505,4.819878905348924E-05,0.9878429830277544
2.5100000000000002,4.782189231743096E-05,0.9878866151957048
2.515,4.744875505527534E-05,0.987930004557934
2.52,4.707935623840629E-05,0.9879731286159007
2.525,4.671365006333108E-05,0.9880159724025304
2.5300000000000002,4.635159139109785E-05,0.9880585800786666
2.535,4.599313573614534E-05,0.9881009537990151
2.54,4.563823925539189E-05,0.9881430956943006
2.545,4.5286858737489605E-05,0.98818500787155
2.5500000000000003,4.493895159231976E-05,0.9882266296482294
2.555,4.459447584067164E-05,0.9882680204365971
2.56,4.425339010411946E-05,0.988309187843005
2.565,4.391565359507182E-05,0.988350133887395
2.57,4.358122610704498E-05,0.9883908605672627
2.575,4.325006800510412E-05,0.9884313204077342
2.58,4.2922140216451466E-05,0.9884715446067027
2.585,4.259740422123386E-05,0.9885115554922029
2.59,4.227582204350635E-05,0.9885513549789319
2.595,4.195735624236139E-05,0.9885909449603265
2.6,4.164196990321408E-05,0.988630277100191
2.605,4.132962662927161E-05,0.9886693827448326
2.61,4.1020290533139495E-05,0.9887082846633708
2.615,4.071392622858496E-05,0.9887469846705143
2.62,4.0410498822481626E-05,0.9887854845608357
2.625,4.010997390684237E-05,0.9888237221506114
2.63,3.98123175510709E-05,0.988861755117514
2.6350000000000002,3.9517496294279654E-05,0.9888995934875617
2.64,3.922547713781732E-05,0.9889372389804651
2.645,3.893622753789046E-05,0.9889746767814505
2.65,3.864971539832221E-05,0.9890118684400248
2.6550000000000002,3.8365958350833156E-05,0.9890488725628187
2.66,3.808482766973284E-05,0.9890856907992329
2.665,3.78063405992544E-05,0.9891223247768669
2.67,3.753046676439113E-05,0.9891587235937105
2.6750000000000003,3.72571762031683E-05,0.9891949199327158
2.68,3.698643936011E-05,0.9892309370849133
2.685,3.671822707990838E-05,0.9892667766111765
2.69,3.645251060113714E-05,0.9893024161294074
2.695,3.618926155012011E-05,0.9893378301979766
2.7,3.592845193488337E-05,0.989373071548231
2.705,3.5670054139224674E-05,0.9894081416752142
2.71,3.5414040916891826E-05,0.9894430385656835
2.715,3.5160385385849564E-05,0.9894776950418421
2.72,3.490906102265773E-05,0.9895121850296708
2.725,3.466004165696513E-05,0.9895465099609075
2.73,3.4413301466039175E-05,0.9895806712514069
2.735,3.416881496948558E-05,0.9896146032277366
2.74,3.392655702395675E-05,0.9896483654648498
2.745,3.368650281803893E-05,0.9896819685845727
2.75,3.3448627867183486E-05,0.9897154139425502
2.755,3.321290800872291E-05,0.989748640682454
2.7600000000000002,3.29793193970031E-05,0.9897816979812741
2.765,3.274783849856473E-05,0.9898146018826208
2.77,3.25184420874338E-05,0.9898473536842378
2.775,3.229110724048566E-05,0.9898798905905402
2.7800000000000002,3.2065811332877874E-05,0.9899122649916993
2.785,3.1842532033585933E-05,0.989944491503908
2.79,3.162124730098242E-05,0.9899765713692301
2.795,3.140193537851031E-05,0.9900084334853708
2.8000000000000003,3.118457479044992E-05,0.9900401462842244
2.805,3.096914433770876E-05,0.9900717164988593
2.81,3.075562309372682E-05,0.9901031369390665
2.815,3.054399040042607E-05,0.9901343473370502
2.82,3.0334249226198233E-05,0.9901654191165457
2.825,3.0126333210387985E-05,0.9901963534278878
2.83,2.992024526803037E-05,0.9902271234012563
2.835,2.9715965776139717E-05,0.9902577077094169
2.84,2.9513475360858817E-05,0.9902881583609974
2.845,2.931275489383143E-05,0.990318476455735
2.85,2.911378548858823E-05,0.9903486100684441
2.855,2.89165484970388E-05,0.990378587656474
2.86,2.872102550597946E-05,0.990408436372038
2.865,2.852719833368173E-05,0.9904381534315644
2.87,2.8335049026556258E-05,0.9904676683201566
2.875,2.814455985580624E-05,0.9904970579257909
2.88,2.7955713314216345E-05,0.9905263232651553
2.8850000000000002,2.7768492112934274E-05,0.9905554267888045
2.89,2.758287917835508E-05,0.9905843673204807
2.895,2.739885764898912E-05,0.9906131870488398
2.9,2.721641087244981E-05,0.9906418869455839
2.9050000000000002,2.7035522402458993E-05,0.9906703902082459
2.91,2.685617599589962E-05,0.9906987740441991
2.915,2.6678355609912564E-05,0.9907270413893475
2.92,2.6502045399064907E-05,0.9907551517018853
2.9250000000000003,2.632722971253844E-05,0.9907831091434305
2.93,2.6153893091370682E-05,0.9908109533486097
2.935,2.5982020265747413E-05,0.9908386763865944
2.94,2.5811596152333134E-05,0.9908662167161418
2.945,2.564260585165343E-05,0.9908936469794835
2.95,2.5475034645487077E-05,0.9909209680428793
2.955,2.5308867994354312E-05,0.9909481206207056
2.96,2.5144091534993586E-05,0.9909751459316936
2.965,2.498069107790495E-05,0.9910020651008082
2.97,2.48186526049383E-05,0.9910288442153542
2.975,2.465796226689613E-05,0.9910554733595599
2.98,2.449860638118761E-05,0.9910819993405208
2.985,2.4340571429537332E-05,0.9911084103690276
2.99,2.4183844055689097E-05,0.9911346519327346
2.995,2.402841106318128E-05,0.9911607932343046
3,2.387425941314963E-05,0.9911868350440027
3.005,2.372137622215832E-05,0.9912127038466979
3.0100000000000002,2.3569793415886218E-05,0.9912384687992022
3.015,2.3419409939969168E-05,0.9912641370716384
3.02,2.3270257060146673E-05,0.9912896509256899
3.025,2.3122322493948307E-05,0.9913150476784997
3.0300000000000002,2.297559410380488E-05,0.9913403504633823
3.035,2.2830059895071917E-05,0.9913655144165786
3.04,2.2685708014078037E-05,0.9913905508778696
3.045,2.2542526746232094E-05,0.9914154960247605
3.0500000000000003,2.240050451410408E-05,0.9914403150947028
3.055,2.2259629875626756E-05,0.9914649990262255
3.06,2.211989152220889E-05,0.9914895942272897
3.065,2.1981278276987193E-05,0.9915140733555016
3.0700000000000003,2.1843779093032483E-05,0.9915384123429579
3.075,2.1707383051597478E-05,0.9915626651159926
3.08,2.1572079360433985E-05,0.991586809169176
3.085,2.1437857352068112E-05,0.9916108106261828
3.09,2.1304706482156537E-05,0.9916347283185405
3.095,2.117261632783821E-05,0.9916585420898093
3.1,2.1041576586120785E-05,0.9916822132617701
3.105,2.091157707229605E-05,0.9917058030541911
3.11,2.0782607718362783E-05,0.9917292912642822
3.115,2.0654658571502216E-05,0.9917526392321705
3.12,2.0527719792536367E-05,0.9917759081425276
3.125,2.040178165444532E-05,0.9917990754409911
3.13,2.027683454089192E-05,0.9918221071250458
3.1350000000000002,2.0152868944771023E-05,0.9918450620120026
3.14,2.0029875466767207E-05,0.9918679129783703
3.145,1.990784481395996E-05,0.9918906351417078
3.15,1.9786767798425712E-05,0.9919132827082936
3.1550000000000002,1.966663533587564E-05,0.9919358218532273
3.16,1.9547438444303315E-05,0.9919582411053692
3.165,1.9429168242669484E-05,0.9919805879024718
3.17,1.9311815949575157E-05,0.9920028196688915
3.1750000000000003,1.9195372881992134E-05,0.9920249424692128
3.18,1.907983045396549E-05,0.9920469948989915
3.185,1.896518017540815E-05,0.992068923663184
3.19,1.885141365082386E-05,0.9920907563242817
3.1950000000000003,1.8738522578112577E-05,0.9921125206435025
3.2,1.862649874737768E-05,0.9921341507162104
3.205,1.8515334039731305E-05,0.9921556994071957
3.21,1.8405020426151944E-05,0.9921771817304904
3.215,1.829554996631727E-05,0.9921985173579825
3.22,1.8186914807499086E-05,0.9922197881131921
3.225,1.8079128242492205E-05,0.9922409781029009
3.23,1.7972140842181742E-05,0.992262039817285
3.235,1.786596564817316E-05,0.9922830385426705
3.24,1.776059514721269E-05,0.9923039403512893
3.245,1.7656021908150205E-05,0.9923247339402009
3.25,1.755223858090882E-05,0.9923454663746769
3.255,1.7449237895477194E-05,0.9923660840793734
3.2600000000000002,1.734701266087475E-05,0.9923866152174519
3.265,1.7245555764198895E-05,0.9924070869871314
3.27,1.714486016961461E-05,0.9924274246161002
3.275,1.7044918917413155E-05,0.9924476988499996
3.2800000000000002,1.6945725123050873E-05,0.99246789793292
3.285,1.684727197621721E-05,0.9924879769744086
3.29,1.6749552739914337E-05,0.9925079997243451
3.295,1.6652560749547103E-05,0.992527924661815
3.3000000000000003,1.655628941201747E-05,0.9925477558566053
3.305,1.646073220485874E-05,0.9925675324191826
3.31,1.6365882675346412E-05,0.9925871870914472
3.315,1.627173443964118E-05,0.9926067756609387
3.3200000000000003,1.617828118195387E-05,0.9926262966376822
3.325,1.608551665369502E-05,0.992645699441697
3.33,1.5993434672663265E-05,0.9926650504880282
3.335,1.5902029122223223E-05,0.9926843069123791
3.34,1.5811293950506126E-05,0.992703475638441
3.345,1.5721223169634893E-05,0.9927225941471544
3.35,1.5631810854916848E-05,0.9927415897572955
3.355,1.554305114409824E-05,0.9927605293197651
3.36,1.5454938236603293E-05,0.992779395907325
3.365,1.5367466392776976E-05,0.992798158641293
3.37,1.528062993316278E-05,0.9928168738420414
3.375,1.519442323775763E-05,0.9928354851193835
3.38,1.5108840745322982E-05,0.9928540267549525
3.3850000000000002,1.5023876952645758E-05,0.9928725117311815
3.39,1.4939526413859469E-05,0.9928908818547608
3.395,1.485578373975971E-05,0.9929092070164476
3.4,1.4772643597118452E-05,0.9929274420651582
3.4050000000000002,1.4690100708019916E-05,0.9929455988710688
3.41,1.4608149849186575E-05,0.9929637102802207
3.415,1.4526785851357574E-05,0.992981700721003
3.42,1.4446003598619702E-05,0.9929996486625086
3.4250000000000003,1.4365798027779106E-05,0.9930175154084583
3.43,1.4286164127751488E-05,0.9930353000374178
3.435,1.4207096938935497E-05,0.9930530434654237
3.44,1.4128591552600665E-05,0.9930706689933524
3.4450000000000003,1.4050643110293232E-05,0.993088252098393
3.45,1.3973246803245116E-05,0.9931057582934327
3.455,1.3896397871792352E-05,0.9931231829682947
3.46,1.3820091604796204E-05,0.9931405687385753
3.465,1.3744323339078183E-05,0.9931578387888825
3.47,1.3669127521999544E-05,0.9931750690289619
3.475,1.3594422156649445E-05,0.9931922222802816
3.48,1.3520241002617596E-05,0.9932092988505116
3.485,1.3446579583265598E-05,0.9932263361274933
3.49,1.3373433467081253E-05,0.9932432608185443
3.495,1.3300798267164924E-05,0.9932601497849584
3.5,1.322866964070872E-05,0.9932769575115019
3.505,1.3157043288482306E-05,0.9932936973512516
3.5100000000000002,1.308591495432777E-05,0.9933103915141375
3.515,1.3015280424673566E-05,0.9933269839860854
3.52,1.2945135528028855E-05,0.9933435427990108
3.525,1.2875476134505686E-05,0.9933600122282006
3.5300000000000002,1.2806298155350905E-05,0.9933764263432665
3.535,1.2737597542453315E-05,0.993392784590756
3.54,1.266937028788712E-05,0.9934090557134
3.545,1.2601612423470892E-05,0.9934252951523298
3.5500000000000003,1.2534320020272291E-05,0.993441433377904
3.555,1.2467489188205183E-05,0.9934575324064492
3.56,1.240111607555084E-05,0.9934735617804207
3.565,1.2335196868561962E-05,0.9934895220522401
3.5700000000000003,1.226972779097595E-05,0.9935054433399948
3.575,1.2204705103643023E-05,0.9935212664899836
3.58,1.2140125104080823E-05,0.9935370607066254
3.585,1.207598412605581E-05,0.9935527680958198
3.59,1.2012278539201457E-05,0.9935684276561758
3.595,1.194900474857214E-05,0.9935840292219934
3.6,1.1886159194286565E-05,0.9935995557113376
3.605,1.1823738351103929E-05,0.9936150521970978
3.61,1.1761738728060865E-05,0.9936304471827027
3.615,1.1700156868059768E-05,0.993645815823637
3.62,1.1638989347511746E-05,0.9936611043576483
3.625,1.1578232775953335E-05,0.9936763438489447
3.63,1.151788379568839E-05,0.9936915295005746
3.6350000000000002,1.1457939081399945E-05,0.9937066413619503
3.64,1.1398395339818926E-05,0.9937217248531378
3.645,1.1339249309351525E-05,0.9937367105870393
3.65,1.1280497759727393E-05,0.9937516724110741
3.6550000000000002,1.1222137491669664E-05,0.9937665537262725
3.66,1.116416533652665E-05,0.9937813916703209
3.665,1.110657815595715E-05,0.993796172959615
3.67,1.1049372841594399E-05,0.9938108884805472
3.6750000000000003,1.0992546314703695E-05,0.9938255704451598
3.68,1.0936095525858711E-05,0.9938401649832748
3.685,1.0880017454645282E-05,0.9938547378999102
3.69,1.0824309109309765E-05,0.9938692232985568
3.6950000000000003,1.076896752646343E-05,0.9938836773778701
3.7,1.0713989770774269E-05,0.9938980655251961
3.705,1.0659372934666346E-05,0.9939124021638062
3.71,1.0605114137995641E-05,0.9939266937409612
3.715,1.0551210527776093E-05,0.9939409143195869
3.72,1.0497659277867648E-05,0.9939551100028009
3.725,1.0444457588709642E-05,0.9939692158864339
3.73,1.0391602687001335E-05,0.9939833029805981
3.735,1.0339091825450593E-05,0.9939973088851313
3.74,1.0286922282467792E-05,0.9940112833060885
3.745,1.023509136190844E-05,0.9940251953162337
3.75,1.0183596392784396E-05,0.994039058387582
3.755,1.0132434729004404E-05,0.9940528771602719
3.7600000000000002,1.0081622002886482E-05,0.9940666301995206
3.765,1.003111940602492E-05,0.9940803563996343
3.77,9.980942290175694E-06,0.9940940007066335
3.775,9.931088106276995E-06,0.9941076288412809
3.7800000000000002,9.881554328836882E-06,0.9941211718223819
3.785,9.832338455660181E-06,0.9941346931149817
3.79,9.783438007624202E-06,0.9941481454398874
3.795,9.7348505284166E-06,0.9941615611445961
3.8000000000000003,9.68657358431247E-06,0.9941749234468104
3.805,9.63860476390659E-06,0.9941882348034607
3.81,9.590941677908127E-06,0.9942015077119383
3.815,9.543581958895114E-06,0.9942147159461944
3.8200000000000003,9.496523261070553E-06,0.9942279000853752
3.825,9.44976326006162E-06,0.9942410064088858
3.83,9.403299652665502E-06,0.9942540995532559
3.835,9.357130156652024E-06,0.9942671080092815
3.84,9.31125251053143E-06,0.9942801010136579
3.845,9.26566447334369E-06,0.9942930225469698
3.85,9.22036382442649E-06,0.9943059165862368
3.855,9.175348363231807E-06,0.994318751803565
3.86,9.130615909094295E-06,0.994331548039155
3.865,9.08616430103345E-06,0.9943442975428872
3.87,9.041991397552941E-06,0.9943569971229278
3.875,8.998095076419528E-06,0.9943696615111431
3.88,8.954473234491674E-06,0.9943822655706002
3.8850000000000002,8.91112378749802E-06,0.9943948454371025
3.89,8.868044669860549E-06,0.9944073550979231
3.895,8.825233834481367E-06,0.9944198510322743
3.9,8.782689252577278E-06,0.9944322674035279
3.9050000000000002,8.740408913476196E-06,0.994444674347169
3.91,8.698390824425327E-06,0.9944570041690985
3.915,8.656633010424316E-06,0.9944693194262042
3.92,8.615133514028636E-06,0.994481567059542
3.9250000000000003,8.573890395186876E-06,0.9944937917054927
3.93,8.532901731041997E-06,0.994505957723158
3.935,8.49216561576629E-06,0.9945180926646852
3.94,8.451107414445552E-06,0.9945301772258535
3.9450000000000003,8.410869331338856E-06,0.9945422230270583
3.95,8.370878176671638E-06,0.9945542262889775
3.955,8.330566277417796E-06,0.9945661839693888
3.96,8.29106208431263E-06,0.9945781068966433
3.9650000000000003,8.251799346407355E-06,0.9945899776956358
3.97,8.212217240008397E-06,0.9946018208441444
3.975,8.173430682538379E-06,0.9946136057759766
3.98,8.134880249780776E-06,0.9946253696955863
3.985,8.096011857094821E-06,0.9946370697635933
3.99,8.05792710442754E-06,0.9946487550022604
3.995,8.020073284461464E-06,0.9946603708475376
4,7.981902943542681E-06,0.9946719775516512
4.005,7.944504575692196E-06,0.9946835104582908
4.01,7.907332082868324E-06,0.9946950385045517
4.015,7.869844536517603E-06,0.9947064905471964
4.0200000000000005,7.833117532077504E-06,0.9947179370683742
4.025,7.79661147533045E-06,0.9947293121898925
4.03,7.759791859042743E-06,0.9947406778020459
4.035,7.723721583352808E-06,0.9947519769199122
4.04,7.68786745449634E-06,0.9947632629240868
4.045,7.651701284851797E-06,0.994774486563037
4.05,7.616273478538032E-06,0.9947856938879454
4.055,7.581057140939243E-06,0.9947968425671077
4.0600000000000005,7.545530304357264E-06,0.9948079721295661
4.065,7.510731072260676E-06,0.9948190463661871
4.07,7.476138749914892E-06,0.9948300989624879
4.075,7.441237491794454E-06,0.994841098887609
4.08,7.407053292300578E-06,0.9948520752545815
4.085,7.373071559221004E-06,0.9948630017587659
4.09,7.339290837514081E-06,0.9948739030529457
4.095,7.30520010808868E-06,0.9948847566423941
4.1,7.271815878122772E-06,0.9948955836024941
4.105,7.238628365147001E-06,0.9949063644035164
4.11,7.205132500405803E-06,0.9949171177940885
4.115,7.172333017311949E-06,0.9949278266802232
4.12,7.1397260647863796E-06,0.9949385075948612
4.125,7.10681243195841E-06,0.9949491450615133
4.13,7.0745852598574675E-06,0.9949597541991811
4.135,7.042546536725987E-06,0.9949703203679688
4.14,7.010202818955741E-06,0.99498085848819
4.1450000000000005,6.97853583309455E-06,0.994991354216078
4.15,6.9470533164030196E-06,0.9950018223674366
4.155,6.915267503666073E-06,0.9950122481392788
4.16,6.88414888143506E-06,0.9950226469981056
4.165,6.853210847471426E-06,0.9950330029308705
4.17,6.8219712277811406E-06,0.9950433332202385
4.175,6.7913894400812835E-06,0.9950536201547538
4.18,6.7609844558153854E-06,0.9950638828954586
4.1850000000000005,6.73027960670017E-06,0.995074101306265
4.19,6.700223409566973E-06,0.9950842971684529
4.195,6.670340324360879E-06,0.9950944471679132
4.2,6.6401591046611485E-06,0.995104576808024
4.205,6.6106175311409616E-06,0.9951146592212525
4.21,6.581245468731042E-06,0.9951247236488489
4.215,6.551577010594386E-06,0.9951347389403049
4.22,6.5225393629165516E-06,0.9951447388351745
4.225,6.493667713648736E-06,0.9951546871126616
4.23,6.464501414848087E-06,0.9951646230355824
4.235,6.435957256813314E-06,0.995174505108911
4.24,6.4075756701327465E-06,0.9951843780741474
4.245,6.378901186585198E-06,0.9951941943979227
4.25,6.350840336222216E-06,0.9952040051101468
4.255,6.322938713403889E-06,0.9952137557876599
4.26,6.29474595192871E-06,0.9952235046840353
4.265,6.267158474367469E-06,0.9952331905101904
4.2700000000000005,6.239726961461677E-06,0.9952428763363455
4.275,6.2120060728006655E-06,0.9952525000448065
4.28,6.184882273397911E-06,0.9952621214645756
4.285,6.1579112544116854E-06,0.9952716852345926
4.29,6.130652626432955E-06,0.9952812423468034
4.295,6.103983044059813E-06,0.9952907471465294
4.3,6.077463134356031E-06,0.9953002407315654
4.305,6.051091878773799E-06,0.9953096872853597
4.3100000000000005,6.024432786101284E-06,0.9953191177787755
4.315,5.998354826003682E-06,0.9953285065435319
4.32,5.972422510979686E-06,0.9953378740397414
4.325,5.9462041692407955E-06,0.9953472057972934
4.33,5.92055921781949E-06,0.9953565110625331
4.335,5.895056974079025E-06,0.995365786591354
4.34,5.869270514700789E-06,0.9953750300519716
4.345,5.84404984378142E-06,0.995384249881297
4.3500000000000005,5.81896901284409E-06,0.995393431627344
4.355,5.79360577737792E-06,0.9954025963278452
4.36,5.768800865711141E-06,0.9954117171117735
4.365,5.744132994129055E-06,0.9954208275297151
4.37,5.719184528543101E-06,0.9954298877688708
4.375,5.694787056170255E-06,0.9954389445189559
4.38,5.6705238899366955E-06,0.99544794429908
4.385,5.645981939042712E-06,0.995456944079204
4.39,5.621983781834091E-06,0.9954658877768797
4.3950000000000005,5.5981172609791525E-06,0.9954748278369914
4.4,5.57397376306198E-06,0.9954837195381139
4.405,5.550366987408605E-06,0.995492600286758
4.41,5.526889240758154E-06,0.9955014403771568
4.415,5.503136322373398E-06,0.9955102618958164
4.42,5.479913180050992E-06,0.9955190510968699
4.425,5.456816520146394E-06,0.9955278141114727
4.43,5.433446491028092E-06,0.9955365531183645
4.4350000000000005,5.410599414224117E-06,0.9955452580288504
4.44,5.3878763323743765E-06,0.9955539473423433
4.445,5.364881680580494E-06,0.9955625942259899
4.45,5.342403277060971E-06,0.9955712342401251
4.455,5.320046438588661E-06,0.9955798234944737
4.46,5.2974198256874355E-06,0.9955884127488225
4.465,5.2753028741200264E-06,0.9955969471069384
4.47,5.253305113705036E-06,0.9956054794391413
4.4750000000000005,5.231039370222242E-06,0.9956139662959573
4.48,5.209276815626571E-06,0.9956224420947677
4.485,5.187631132821134E-06,0.9956308818068157
4.49,5.165719253722766E-06,0.9956393011457787
4.495,5.144304203063321E-06,0.995647694349124
4.5,5.123003757935443E-06,0.9956560579230953
4.505,5.1018171750604444E-06,0.9956644052730419
4.51,5.080364616239414E-06,0.9956727134626081
4.515,5.059402725126858E-06,0.9956810154609311
4.5200000000000005,5.038552498625108E-06,0.9956892683355235
4.525,5.017438100669971E-06,0.9956975212101159
4.53,4.99680823208953E-06,0.9957057232332034
4.535,4.9762878803722525E-06,0.9957139211710919
4.54,4.955505155373892E-06,0.9957220792795128
4.545,4.935200926038321E-06,0.9957302229578956
4.55,4.9150041144053195E-06,0.9957383376886861
4.555,4.894546721024764E-06,0.9957464274775328
4.5600000000000005,4.874561891971465E-06,0.9957544992377749
4.565,4.854682428791897E-06,0.995762535202818
4.57,4.834544168459509E-06,0.9957705643947629
4.575,4.814872641295918E-06,0.9957785472016423
4.58,4.795304474280435E-06,0.9957865300085216
4.585,4.775479287500125E-06,0.9957944645320973
4.59,4.756115100765036E-06,0.9958023945430314
4.595,4.736852313384474E-06,0.9958102878361219
4.6000000000000005,4.71733427611558E-06,0.9958181651128268
4.605,4.698271601755457E-06,0.995826017634113
4.61,4.67930840970933E-06,0.9958338425365741
4.615,4.660091729929984E-06,0.9958416548355344
4.62,4.6413248698623645E-06,0.9958494280127732
4.625,4.622655617695458E-06,0.9958572007141036
4.63,4.603734631991294E-06,0.9958649225182605
4.635,4.585258014764715E-06,0.9958726443224174
4.64,4.566877172574354E-06,0.9958803266420038
4.6450000000000005,4.548246342845542E-06,0.9958879971311445
4.65,4.530054520413348E-06,0.995895641054374
4.655,4.511956680642949E-06,0.9959032608666503
4.66,4.493610590937261E-06,0.9959108669104764
4.665,4.475698235518899E-06,0.9959184363906692
4.67,4.457878109832139E-06,0.9959260049943781
4.675,4.4398114632289445E-06,0.9959335241966397
4.68,4.422173364240497E-06,0.9959410433989012
4.6850000000000005,4.404625780524994E-06,0.9959485248575505
4.69,4.386833396144809E-06,0.9959559941245135
4.695,4.369464457253188E-06,0.9959634392877943
4.7,4.352184356662577E-06,0.9959708592419593
4.705,4.334992544014687E-06,0.9959782686050473
4.71,4.3175564029704575E-06,0.9959856395816269
4.715,4.300538837085401E-06,0.9959930105582063
4.72,4.2836079306805695E-06,0.9960003356318328
4.7250000000000005,4.266434419041037E-06,0.9960076576813893
4.73,4.249674547092981E-06,0.9960149479201538
4.735,4.2329997415057E-06,0.996022221375792
4.74,4.216084044146193E-06,0.9960294772910029
4.745,4.199577130332135E-06,0.9960367027601147
4.75,4.183153724208842E-06,0.9960439248506392
4.755,4.166491129960328E-06,0.9960511026591473
4.76,4.150232540824701E-06,0.9960582804676553
4.765,4.1340559342927595E-06,0.996065421580714
4.7700000000000005,4.117641833367272E-06,0.9960725517756116
4.775,4.1016270352405605E-06,0.9960796599842435
4.78,4.085692727407589E-06,0.9960867428893864
4.785,4.06952260886658E-06,0.9960938186229271
4.79,4.053747165436395E-06,0.9961008548311193
4.795,4.038050751923193E-06,0.9961078910393114
4.8,4.022120201261715E-06,0.9961148884444881
4.805,4.0065797711210735E-06,0.9961218782726324
4.8100000000000005,3.991116941709757E-06,0.9961288442802705
4.815,3.975421638462603E-06,0.9961357877718154
4.82,3.960111972819345E-06,0.9961427227081409
4.825,3.944878509098518E-06,0.9961496201779639
4.83,3.929414224578726E-06,0.996156517647787
4.835,3.9143311649511264E-06,0.9961633763966449
4.84,3.899322938114677E-06,0.9961702284234616
4.845,3.8840855331106654E-06,0.9961770573137584
4.8500000000000005,3.869225009149556E-06,0.9961838642057134
4.855,3.854437977767114E-06,0.9961906635454019
4.86,3.839423400413418E-06,0.9961974253424274
4.865,3.824781427721963E-06,0.996204187139453
4.87,3.8102116356479166E-06,0.996210912359173
4.875,3.7954159192844908E-06,0.9962176293674303
4.88,3.7809885973723916E-06,0.9962243260258283
4.885,3.766632171644959E-06,0.9962309988104239
4.89,3.7520514327716263E-06,0.9962376672927999
4.8950000000000005,3.737834942994436E-06,0.9962442961533737
4.9,3.72368809185966E-06,0.9962509250139475
4.905,3.709610466442307E-06,0.9962575218358893
4.91,3.695309131684626E-06,0.9962641068088893
4.915,3.681368142617163E-06,0.9962706762485767
4.92,3.66749515656082E-06,0.9962772176317019
4.925,3.653400066945215E-06,0.9962837590148269
4.93,3.6396613047451864E-06,0.9962902581020887
4.9350000000000005,3.6259893482526377E-06,0.996296756190945
4.94,3.612096882996257E-06,0.9963032289838902
4.945,3.5985567879444877E-06,0.9963096843262105
4.95,3.5850823261021698E-06,0.9963161311424613
4.955,3.57138893924504E-06,0.9963225440275957
4.96,3.5580440253059966E-06,0.9963289569127302
4.965,3.5447635962795637E-06,0.9963353356856709
4.97,3.5312658149573563E-06,0.9963417061467502
4.9750000000000005,3.5181126680182875E-06,0.9963480596885451
4.98,3.5050228813175016E-06,0.9963543880130198
4.985,3.491717304002712E-06,0.9963607163374946
4.99,3.4787525801700626E-06,0.9963670033444998
4.995,3.465850114977746E-06,0.996373290067531
5,3.4527334097824238E-06,0.9963795528669915
5.005,3.4399538337197733E-06,0.9963857982699674
5.01,3.4272354372257327E-06,0.9963920371100747
5.015,3.414304340296528E-06,0.9963982412226983
5.0200000000000005,3.4017067036176893E-06,0.9964044453353218
5.025,3.3891691894350218E-06,0.9964106193850986
5.03,3.376420503319903E-06,0.9964167824869006
5.035,3.3640016630116493E-06,0.9964229333167995
5.04,3.3516419095944135E-06,0.9964290556853531
5.045,3.3390725017025016E-06,0.9964351780539067
5.05,3.326829378580808E-06,0.9964412656929265
5.055,3.314644327739966E-06,0.9964473478473231
5.0600000000000005,3.302251128845058E-06,0.9964534132238435
5.065,3.290180706083497E-06,0.9964594554358366
5.07,3.2781673614892097E-06,0.9964654976478295
5.075,3.2659473642198137E-06,0.9964715011184737
5.08,3.2540466858924427E-06,0.996477503414467
5.085,3.2422021116295282E-06,0.996483485286362
5.09,3.230152369073369E-06,0.9964894479362943
5.095,3.2184185387431927E-06,0.9964954084675272
5.1000000000000005,3.2067398579196904E-06,0.9965013317394508
5.105,3.19485748218433E-06,0.9965072550113744
5.11,3.183287661524672E-06,0.9965131554840125
5.115,3.1717720549203482E-06,0.9965190398816385
5.12,3.1603103550428785E-06,0.9965249199085519
5.125,3.148645623264205E-06,0.9965307656943433
5.13,3.13729032798388E-06,0.9965366114801347
5.135,3.1259880287577718E-06,0.9965424328039142
5.14,3.114484161138244E-06,0.9965482400009819
5.1450000000000005,3.1032864693155498E-06,0.9965540415012579
5.15,3.0921408809824325E-06,0.9965598103702946
5.155,3.0807951766090303E-06,0.9965655792393312
5.16,3.0697524341700133E-06,0.9965713230843304
5.165,3.0587609203236703E-06,0.9965770538842095
5.17,3.047570731695153E-06,0.9965827786713756
5.175,3.036680337107647E-06,0.9965884718910822
5.18,3.025840313505566E-06,0.9965941651107889
5.1850000000000005,3.014803045291186E-06,0.9965998338212174
5.19,3.0040624483786368E-06,0.9966054897142563
5.195,2.9933713817245794E-06,0.9966111401167448
5.2,2.982484489621192E-06,0.996616758702948
5.205,2.9718911904012E-06,0.9966223772891512
5.21,2.961346597208807E-06,0.9966279724694039
5.215,2.950607586744047E-06,0.9966335540005494
5.22,2.940159134274933E-06,0.9966391314815697
5.2250000000000005,2.9297585797487285E-06,0.9966446762076819
5.23,2.919165005187408E-06,0.9966502209337942
5.235,2.908858996489589E-06,0.9966557443719554
5.24,2.8986000934106216E-06,0.9966612525413182
5.245,2.888149556645973E-06,0.9966667589609457
5.25,2.877983635606314E-06,0.9966722310450212
5.255,2.8678640432770524E-06,0.9966777031290969
5.26,2.8575541927661526E-06,0.9966831569868805
5.265,2.8475260490852443E-06,0.996688593228841
5.2700000000000005,2.8375434722777524E-06,0.9966940294708013
5.275,2.8273720020038257E-06,0.9966994312345265
5.28,2.817479370184998E-06,0.9967048316509571
5.285,2.807631558132982E-06,0.9967102174742166
5.29,2.7975962065992044E-06,0.9967155823066092
5.295,2.787836864935166E-06,0.9967209471390018
5.3,2.7781216103443337E-06,0.9967262818709902
5.305,2.768220159561129E-06,0.9967316113591584
5.3100000000000005,2.7585919291786668E-06,0.9967369307728706
5.315,2.7490070672554145E-06,0.9967422251549622
5.32,2.7394653375984044E-06,0.996747519537054
5.325,2.729738085701961E-06,0.9967527891054697
5.33,2.7202814932211985E-06,0.9967580488363234
5.335,2.710867332695253E-06,0.9967633037831303
5.34,2.701268981411758E-06,0.9967685290960244
5.345,2.691938575796879E-06,0.9967737544089185
5.3500000000000005,2.6826499151861087E-06,0.9967789606045675
5.355,2.6731783846364415E-06,0.996784151512827
5.36,2.663972123052684E-06,0.9967893424210864
5.365,2.6548069326199232E-06,0.9967945003160494
5.37,2.6454601824256354E-06,0.9967996570513197
5.375,2.6363760609285966E-06,0.996804801220959
5.38,2.6273323495116885E-06,0.9968099240132795
5.385,2.618108377963028E-06,0.9968150468056
5.39,2.6091444306261278E-06,0.9968201437035847
5.3950000000000005,2.600220244828789E-06,0.9968252327813998
5.4,2.5911170880144633E-06,0.9968303165486154
5.405,2.5822713861382375E-06,0.9968353723509847
5.41,2.5734648094736648E-06,0.9968404281533542
5.415,2.5644805405010893E-06,0.9968454659483051
5.42,2.5557511917506375E-06,0.996850488699033
5.425,2.547060343880484E-06,0.9968555114497608
5.43,2.5381930720296787E-06,0.996860503679097
5.4350000000000005,2.529578219675947E-06,0.9968654933882479
5.44,2.521001255596944E-06,0.9968704733736756
5.445,2.5122491255613263E-06,0.9968754302634688
5.45,2.5037469477291522E-06,0.9968803871532619
5.455,2.4952820570054867E-06,0.9968853224473712
5.46,2.4866432481290885E-06,0.9968902467384875
5.465,2.4782519570048045E-06,0.996895170308038
5.47,2.4698973630516293E-06,0.9969000622196321
5.4750000000000005,2.461370088588699E-06,0.9969049541312262
5.48,2.4530879297133004E-06,0.9969098339594386
5.485,2.444841889050596E-06,0.9969146937091491
5.49,2.436424395419544E-06,0.9969195534588595
5.495,2.4282496469666325E-06,0.9969243901208369
5.5,2.420110448513055E-06,0.9969292179247982
5.505,2.4118010146049056E-06,0.9969340437329219
5.51,2.4037319866962134E-06,0.99693884000942
5.515,2.3956979510826713E-06,0.9969436362859182
5.5200000000000005,2.387698724369726E-06,0.9969484201159095
5.525,2.3795299215552727E-06,0.9969531850767329
5.53,2.3715994004358415E-06,0.9969579500375564
5.535,2.3637031441868986E-06,0.9969626922947951
5.54,2.3556385169405495E-06,0.9969674259466321
5.545,2.3478098923454887E-06,0.9969721581564791
5.55,2.340014998590174E-06,0.9969768607095881
5.555,2.332052929000168E-06,0.996981563262697
5.5600000000000005,2.324324612691309E-06,0.9969862546613377
5.565,2.3166295029707777E-06,0.9969909263245261
5.57,2.3087684027194822E-06,0.9969955979877144
5.575,2.3011388355611363E-06,0.997000249113925
5.58,2.293541960333655E-06,0.9970048900945594
5.585,2.2857802700596205E-06,0.9970095310751937
5.59,2.278247921412342E-06,0.9970141424614224
5.595,2.2707477594036297E-06,0.9970187529654392
5.6000000000000005,2.2630839481171614E-06,0.9970233554624482
5.605,2.2556473152176877E-06,0.9970279358914593
5.61,2.2482423728651805E-06,0.9970325163204705
5.615,2.240674937342533E-06,0.9970370801738446
5.62,2.2333325447493914E-06,0.997041630729677
5.625,2.2260213555942203E-06,0.9970461812855094
5.63,2.2185488197973157E-06,0.9970507068422737
5.635,2.2112992187986477E-06,0.9970552275282749
5.64,2.204080342932133E-06,0.9970597448788566
5.6450000000000005,2.196701257457683E-06,0.9970642358953761
5.65,2.1895430255283174E-06,0.9970687269118956
5.655,2.1824150490441604E-06,0.9970732066910886
5.66,2.1751279905416897E-06,0.997077668237096
5.665,2.168059730783632E-06,0.9970821297831034
5.67,2.1610212652408522E-06,0.9970865724895761
5.675,2.1538248359067263E-06,0.9970910047626714
5.68,2.1468451765372725E-06,0.9970954370357666
5.6850000000000005,2.1398948584118446E-06,0.9970998431622944
5.69,2.132787685434642E-06,0.9971042463587174
5.695,2.125895279250018E-06,0.997108645274027
5.7,2.1190317694433543E-06,0.9971130195886679
5.705,2.1120125045099946E-06,0.9971173939033088
5.71,2.1052060283905644E-06,0.9971217570132441
5.715,2.098428011719488E-06,0.9971261026396525
5.72,2.09149533050401E-06,0.9971304482660609
5.7250000000000005,2.0847734849204384E-06,0.9971347760474212
5.73,2.0780796696158987E-06,0.9971390931778161
5.735,2.0714137434127094E-06,0.9971434103082111
5.74,2.064593779805004E-06,0.997147703392461
5.745,2.0579828970445422E-06,0.9971519924052076
5.75,2.0513994843408564E-06,0.9971562792546782
5.755,2.0446631126110543E-06,0.9971605403382074
5.76,2.038133916059511E-06,0.9971648014217367
5.765,2.0316317779112433E-06,0.9971690543222567
5.7700000000000005,2.0249777501084978E-06,0.9971732874762439
5.775,2.0185290154376286E-06,0.9971775206302312
5.78,2.012106934771941E-06,0.9971817398636557
5.785,2.005534024883994E-06,0.9971859452751198
5.79,1.999164549336165E-06,0.9971901506865841
5.795,1.9928213305085042E-06,0.997194336703364
5.8,1.986328334019808E-06,0.9971985145580402
5.805,1.9800369359800264E-06,0.9972026924127164
5.8100000000000005,1.973771404337193E-06,0.9972068456579314
5.815,1.9673571377958013E-06,0.9972109961402799
5.82,1.9611426563546085E-06,0.9972151442428274
5.825,1.9549536578078867E-06,0.9972192675360432
5.83,1.9486169584044194E-06,0.9972233908292589
5.835,1.9424782529380055E-06,0.9972275068525749
5.84,1.9363646535512446E-06,0.9972316031385963
5.845,1.930104378710809E-06,0.9972356994246176
5.8500000000000005,1.9240403284820828E-06,0.9972397837992547
5.855,1.918001014073694E-06,0.9972438532587727
5.86,1.9118160410371074E-06,0.9972479227182907
5.865,1.905825544792111E-06,0.9972519758696463
5.87,1.8998594205331268E-06,0.9972560186821136
5.875,1.8937486459671409E-06,0.9972600614945808
5.88,1.8878306215502326E-06,0.9972640838429522
5.885,1.8819366115801046E-06,0.9972681001865916
5.89,1.875898951186645E-06,0.9972721165302311
5.8950000000000005,1.8700523351642464E-06,0.9972761084908697
5.9,1.86422938220295E-06,0.9972800985426836
5.905,1.8582637703615106E-06,0.9972840866551
5.91,1.8524875176283868E-06,0.9972880507676338
5.915,1.8467345826297587E-06,0.9972920148801675
5.92,1.840839971998555E-06,0.9972959734472079
5.925,1.835133055436449E-06,0.9972999117940266
5.93,1.8294491172099805E-06,0.9973038501408453
5.9350000000000005,1.823788045617974E-06,0.9973077794999798
5.94,1.8179858885063866E-06,0.9973116920767104
5.945,1.8123699433626126E-06,0.9973156046534412
5.95,1.8067765331713974E-06,0.9973195050619781
5.955,1.8010430091007154E-06,0.99732339204085
5.96,1.7954940705153968E-06,0.9973272790197217
5.965,1.7899673408661186E-06,0.9973311508697021
5.97,1.7843014608230448E-06,0.9973350124217663
5.9750000000000005,1.7788185591100458E-06,0.9973388739738304
5.98,1.7733575458442785E-06,0.9973427176525553
5.985,1.7677583376141798E-06,0.9973465539476932
5.99,1.762340519563822E-06,0.997350390242831
5.995,1.7569442749265034E-06,0.9973542061329126
6,1.7514107827363361E-06,0.9973580173398442
